player_name,win_rate,aces,double_faults,total_points_won,total_won_on_return,IA,IE,ID,cluster
,0.4,0.04,0.0,45.52,36.56,0.016,0.0,36.56,3
??lvaro M??lendez Amaya,0.5,0.0,0.0,47.5,37.5,0.0,0.0,37.5,2
??lvaro Melendez Amaya,0.21739130434782608,0.0,0.0,46.34782608695652,35.08695652173913,0.0,0.0,35.08695652173913,2
Abdulaziz Redha,0.0,0.0,0.5,29.0,23.0,0.0,0.016666666666666666,23.0,1
Abdulla Alhijji,0.0,0.0,0.25,30.5,20.25,0.0,0.007936507936507936,20.25,0
Abdullah Alabdullah,0.0,0.0,0.5,26.5,15.0,0.0,0.01818181818181818,15.0,1
Abdulrahman Alawadhi,0.0,0.0,0.0,33.0,22.0,0.0,0.0,22.0,0
Abdulrahman Alazzam,0.0,0.0,0.0,29.5,20.5,0.0,0.0,20.5,0
Adam Axelsson,0.5,0.0,0.0,50.1,37.5,0.0,0.0,37.5,2
Aday Santana,0.0,0.0,0.0,40.0,31.0,0.0,0.0,31.0,0
Adria Mercadal,0.2,0.0,0.0,46.8,37.6,0.0,0.0,37.6,2
Adrian Marques Berdonce,0.3333333333333333,0.0,0.0,48.166666666666664,34.75,0.0,0.0,34.75,2
Adrian Naranjo Martinez,0.0,0.0,0.0,49.0,38.0,0.0,0.0,38.0,0
Adrian Ronco Lopez,0.2,0.0,0.0,47.2,32.8,0.0,0.0,32.8,0
Afonso Fazendeiro,0.0,0.0,0.0,41.0,33.0,0.0,0.0,33.0,0
Agueda Perez Ortiz,0.28,0.02,0.12,45.54,38.88,0.005600000000000001,0.002578427159432746,38.88,2
Agust??n Torre,0.0,0.0,0.0,44.0,33.0,0.0,0.0,33.0,0
Agustin Gomez Silingo,0.16666666666666666,0.0,0.08333333333333333,42.166666666666664,30.083333333333332,0.0,0.0019305019305019305,30.083333333333332,0
Agustin Gutierrez,0.41935483870967744,0.0,0.016129032258064516,48.75806451612903,37.32258064516129,0.0,0.00032414910858995135,37.32258064516129,2
Agustin Reca,0.0,0.0,0.0,38.0,24.0,0.0,0.0,24.0,0
Agustin Tapia,0.9343434343434344,0.005050505050505051,0.020202020202020204,56.98989898989899,44.494949494949495,0.00471890623405775,0.0003483713638738896,44.494949494949495,2
Agustin Torre,0.375,0.0,0.0625,47.125,34.46875,0.0,0.0012987012987012987,34.46875,2
Aida Martinez,0.0,0.0,0.0,42.0,35.0,0.0,0.0,35.0,0
Aida Martinez Sanjuan,0.2,0.0,0.2,44.0,37.4,0.0,0.0044444444444444444,37.4,2
Aimar Go??i,0.5,0.0,0.14285714285714285,50.142857142857146,36.214285714285715,0.0,0.0027932960893854745,36.214285714285715,2
Ainara Pozuelo Dominguez,0.0,0.0,0.0,43.0,27.0,0.0,0.0,27.0,0
Aitana Garcia Roman,0.0,0.0,1.0,45.0,45.0,0.0,0.021739130434782608,45.0,1
Aitor Garcia,0.1111111111111111,0.0,0.2222222222222222,44.888888888888886,31.22222222222222,0.0,0.004842615012106538,31.22222222222222,0
Alanoud Yamani,0.0,0.0,0.0,21.5,14.0,0.0,0.0,14.0,0
Alba Gallardo Salvado,0.25,0.08333333333333333,0.08333333333333333,43.416666666666664,34.333333333333336,0.020833333333333332,0.001876172607879925,34.333333333333336,3
Alba Perez Momha,0.25,0.0,0.0,44.625,37.875,0.0,0.0,37.875,2
Albert Roglan Pons,0.0,0.0,0.0,40.0,25.0,0.0,0.0,25.0,0
Albert Trillas Garcia,0.0,0.0,0.0,44.0,28.0,0.0,0.0,28.0,0
Alberto Garcia Jimenez,0.4,0.0,0.2,47.4,36.0,0.0,0.004132231404958678,36.0,2
Alberto Garcia Trabanco,0.0,0.0,0.0,47.333333333333336,31.333333333333332,0.0,0.0,31.333333333333332,0
Albin Olsson,0.0,0.0,1.0,37.5,21.5,0.0,0.025974025974025976,21.5,1
Alejandra Alonso De Villa,0.6161616161616161,0.0,0.04040404040404041,51.19191919191919,43.58585858585859,0.0,0.0007741436036384751,43.58585858585859,2
Alejandra Salazar Bengoechea,0.6283185840707964,0.017699115044247787,0.02654867256637168,52.43362831858407,45.16814159292036,0.011120682903907901,0.0004968532626697582,45.16814159292036,3
Alejandro Arroyo,0.5376344086021505,0.0,0.10752688172043011,50.32258064516129,36.623655913978496,0.0,0.002095118374188142,36.623655913978496,2
Alejandro Caton Calvo,0.5,0.0,0.0,47.5,31.5,0.0,0.0,31.5,2
Alejandro Galan,0.8333333333333334,0.0,0.010752688172043012,56.45161290322581,44.865591397849464,0.0,0.00018716077110237696,44.865591397849464,2
Alejandro Jerez Carnero,0.5,0.0,0.1,48.5,29.6,0.0,0.00202020202020202,29.6,2
Alejandro Tasa Van Beek,0.0,0.0,0.0,40.0,24.0,0.0,0.0,24.0,0
Alex Chozas,0.4805194805194805,0.0,0.03896103896103896,49.36363636363637,36.35064935064935,0.0,0.0007735946364105208,36.35064935064935,2
Alex Ruiz,0.5638297872340425,0.0,0.031914893617021274,51.07446808510638,36.691489361702125,0.0,0.0006128702757916241,36.691489361702125,2
Alfonso Sanchez Arriaga,0.3333333333333333,0.0,0.0,41.0,26.666666666666668,0.0,0.0,26.666666666666668,0
Ali Alburayh,0.0,0.0,0.0,32.0,24.0,0.0,0.0,24.0,0
Ali Alsaygh,0.0,0.0,0.0,30.5,26.5,0.0,0.0,26.5,0
Alicia Blanco Rojo,0.29411764705882354,0.0,0.11764705882352941,45.529411764705884,40.05882352941177,0.0,0.0025284450063211123,40.05882352941177,2
Alicia Ca??ellas,0.0,0.0,0.0,42.0,33.0,0.0,0.0,33.0,0
Alix Collombon,0.4084507042253521,0.028169014084507043,0.0,47.88732394366197,40.732394366197184,0.011505653640150765,0.0,40.732394366197184,3
Alonso Rodriguez Martinez,0.23809523809523808,0.0,0.0,47.095238095238095,34.142857142857146,0.0,0.0,34.142857142857146,2
Alvaro Cepero,0.3709677419354839,0.016129032258064516,0.016129032258064516,47.903225806451616,34.58064516129032,0.005983350676378772,0.00032981530343007914,34.58064516129032,2
Alvaro Lopez Campos,0.0,0.0,0.0,43.0,25.0,0.0,0.0,25.0,0
Alvaro Montiel Caruso,0.29411764705882354,0.0,0.058823529411764705,46.529411764705884,32.88235294117647,0.0,0.0012376237623762376,32.88235294117647,2
Amanda Girdo,0.0,0.0,0.0,41.5,34.0,0.0,0.0,34.0,0
Amanda Lopez Moral,0.4444444444444444,0.0,0.0,44.888888888888886,37.77777777777778,0.0,0.0,37.77777777777778,2
Amilcar Gaston Bejarano,0.0,0.0,0.0,37.0,23.0,0.0,0.0,23.0,0
An-Sophie Mestach,0.0,0.5,0.0,42.5,31.0,0.0,0.0,31.0,0
Ana Catarina Nogueira,0.39285714285714285,0.0,0.10714285714285714,47.089285714285715,39.44642857142857,0.0,0.0022279985146676567,39.44642857142857,2
Ana Dominguez Gracia,0.1,0.0,0.0,42.9,32.4,0.0,0.0,32.4,0
Ana Fernandez De Osso Fuentes,0.2,0.0,0.2,45.2,40.0,0.0,0.004329004329004329,40.0,2
Ana Maria Cabrejas Ruiz,0.0,0.0,0.0,40.0,36.0,0.0,0.0,36.0,0
Ana Varo Ramos,0.2222222222222222,0.0,0.0,41.77777777777778,35.55555555555556,0.0,0.0,35.55555555555556,2
Andrea Ustero Prieto,0.6190476190476191,0.01904761904761905,0.01904761904761905,51.476190476190474,43.2,0.01179138321995465,0.00036297640653357535,43.2,3
Andres Fdz Lancha,0.3870967741935484,0.0,0.03225806451612903,48.0,31.096774193548388,0.0,0.0006583278472679394,31.096774193548388,2
Anna Ortiz Gasc??,0.0,0.0,0.0,39.0,27.0,0.0,0.0,27.0,0
Anna Ortiz Gasco,0.25,0.0,0.0,43.0,31.5,0.0,0.0,31.5,2
Anton Sans,0.3333333333333333,0.0,0.08333333333333333,49.30555555555556,35.833333333333336,0.0,0.0016565433462175593,35.833333333333336,2
Antonio Fernandez,0.36507936507936506,0.015873015873015872,0.06349206349206349,46.79365079365079,35.92063492063492,0.005794910556815318,0.001328462304882099,35.92063492063492,2
Antonio Graupera,0.0,0.0,0.0,44.0,41.0,0.0,0.0,41.0,0
Antonio Luque,0.35294117647058826,0.0,0.0,48.05882352941177,35.529411764705884,0.0,0.0,35.529411764705884,2
Antonio Varo Ramos,0.3333333333333333,0.0,0.3333333333333333,50.0,43.0,0.0,0.0065359477124183,43.0,2
Araceli Martinez,0.40625,0.03125,0.0,48.1875,41.0,0.0126953125,0.0,41.0,3
Arantxa Soriano Perez,0.21739130434782608,0.0,0.043478260869565216,45.130434782608695,38.869565217391305,0.0,0.000942507068803016,38.869565217391305,2
Aranzazu Osoro Ulrich,0.5943396226415094,0.018867924528301886,0.03773584905660377,51.443396226415096,44.12264150943396,0.011213955144179423,0.0007195538765965101,44.12264150943396,3
Areej Khalil Fareh,0.0,0.0,0.0,21.5,14.0,0.0,0.0,14.0,0
Ares Llobera Irun,0.0,0.0,0.0,44.0,40.0,0.0,0.0,40.0,0
Ariadna Ca??ellas Rodero,0.23529411764705882,0.029411764705882353,0.0,44.294117647058826,37.411764705882355,0.006920415224913495,0.0,37.411764705882355,2
Ariana Sanchez Fallada,0.8364779874213837,0.025157232704402517,0.018867924528301886,57.301886792452834,49.666666666666664,0.02104347138167003,0.0003236245954692556,49.666666666666664,3
Aris Patiniotis,0.40350877192982454,0.0,0.08771929824561403,49.14035087719298,37.07017543859649,0.0,0.0017494751574527643,37.07017543859649,2
Arnau Ayats,0.3829787234042553,0.0,0.0425531914893617,48.255319148936174,35.297872340425535,0.0,0.0008639308855291575,35.297872340425535,2
Arturo Coello,0.9343434343434344,0.005050505050505051,0.020202020202020204,56.98989898989899,44.494949494949495,0.00471890623405775,0.0003483713638738896,44.494949494949495,2
Axel William Guevara,0.25,0.0,0.0,40.75,30.0,0.0,0.0,30.0,0
Barbara Las Heras,0.225,0.0,0.05,45.55,37.275,0.0,0.0010741138560687435,37.275,2
Bart Van Opstal,0.0,0.0,0.0,42.5,28.5,0.0,0.0,28.5,0
Bastien Blanque,0.18181818181818182,0.0,0.09090909090909091,45.63636363636363,34.18181818181818,0.0,0.0019493177387914231,34.18181818181818,2
Beatriz Caldera Sanchez,0.4878048780487805,0.012195121951219513,0.15853658536585366,49.792682926829265,42.41463414634146,0.005948839976204641,0.0031212484993997603,42.41463414634146,2
Beatriz Gonzalez Fernandez,0.8145161290322581,0.008064516129032258,0.016129032258064516,56.36290322580645,49.435483870967744,0.006568678459937565,0.0002811753128075355,49.435483870967744,2
Benjamin Tison,0.14285714285714285,0.0,0.0,45.0,33.0,0.0,0.0,33.0,0
Bo Luttikhuis,0.0,0.0,0.0,31.0,21.0,0.0,0.0,21.0,0
Boris Castro Garcia,0.25,0.0,0.0,51.5,35.5,0.0,0.0,35.5,2
Bram Coene,0.0,0.0,0.0,36.0,26.0,0.0,0.0,26.0,0
Bram Meijer,0.25,0.0,0.0,45.0,32.0,0.0,0.0,32.0,2
Brittany Dubins,0.0,0.0,0.0,44.0,33.0,0.0,0.0,33.0,0
Camila Acu??a,0.0,0.0,0.0,32.0,33.0,0.0,0.0,33.0,0
Camila Fassio Goyeneche,0.2,0.0,0.2,44.0,35.4,0.0,0.0044444444444444444,35.4,2
Camila Ramme Coellar,0.0,0.0,0.0,38.25,36.25,0.0,0.0,36.25,0
Candela Lucendo Millan,0.3333333333333333,0.0,0.0,41.333333333333336,34.0,0.0,0.0,34.0,2
Candido Jorge Alfaro,0.0,0.0,0.0,44.0,34.0,0.0,0.0,34.0,0
Carla Castillo Velarde,0.14285714285714285,0.0,0.0,41.0,28.285714285714285,0.0,0.0,28.285714285714285,0
Carla Fito Fernandez,0.0,0.0,0.0,42.0,40.0,0.0,0.0,40.0,0
Carla Mesa Salazar,0.29545454545454547,0.045454545454545456,0.06818181818181818,48.56818181818182,41.68181818181818,0.013429752066115703,0.0013755158184319118,41.68181818181818,3
Carla Touly,0.0,0.0,0.0,42.4,32.6,0.0,0.0,32.6,0
Carlos Luna,0.0,0.0,0.0,43.0,25.0,0.0,0.0,25.0,0
Carlos Marti,0.2631578947368421,0.0,0.0,47.10526315789474,35.578947368421055,0.0,0.0,35.578947368421055,2
Carlos Perez Cabeza,0.2,0.0,0.0,47.8,35.4,0.0,0.0,35.4,2
Carlos Zarhi,0.0,0.0,0.0,41.0,28.0,0.0,0.0,28.0,0
Carlotta Casali,0.14814814814814814,0.0,0.1111111111111111,43.666666666666664,35.74074074074074,0.0,0.0024875621890547263,35.74074074074074,2
Carmen Azcoitia Mazo,0.0,0.0,0.0,33.0,30.0,0.0,0.0,30.0,0
Carmen Castillon,0.5,0.0,0.0,48.0,43.0,0.0,0.0,43.0,2
Carmen Castillon Gamez,0.07142857142857142,0.0,0.0,41.714285714285715,34.0,0.0,0.0,34.0,0
Carmen Garcia Pardo,0.0,0.0,0.0,39.0,36.0,0.0,0.0,36.0,0
Carmen Goenaga Garcia,0.524390243902439,0.012195121951219513,0.08536585365853659,50.207317073170735,42.1219512195122,0.006395002974419989,0.0016670635865682305,42.1219512195122,2
Carolina Navarro,0.0,0.0,0.0,43.0,46.0,0.0,0.0,46.0,2
Carolina Navarro Bj??rk,0.30303030303030304,0.0,0.09090909090909091,45.60606060606061,37.57575757575758,0.0,0.0019505851755526656,37.57575757575758,2
Carolina Orsi,0.37681159420289856,0.0,0.014492753623188406,49.869565217391305,41.7536231884058,0.0,0.0002849002849002849,41.7536231884058,2
Catalina Arancibia,0.0,0.0,0.0,32.5,16.5,0.0,0.0,16.5,0
Catarina Castro Vilela,0.0,0.0,0.0,44.0,40.0,0.0,0.0,40.0,0
Caterina Maria Baldi,0.0,0.0,0.0,47.0,41.0,0.0,0.0,41.0,0
Cayetano Rocafort Lores,0.0,0.0,0.5,44.5,31.0,0.0,0.01098901098901099,31.0,1
Charlotte Soubrie,0.0,0.0,1.0,40.0,38.0,0.0,0.024390243902439025,38.0,1
Chiara Pappacena,0.2,0.0,0.0,42.6,34.6,0.0,0.0,34.6,2
Christian Fuster,0.0,0.0,0.0,42.333333333333336,28.0,0.0,0.0,28.0,0
Christian Medina Murphy,0.5,0.0,0.25,48.75,37.0,0.0,0.005025125628140704,37.0,2
Claudia Fernandez Sanchez,0.7872340425531915,0.014184397163120567,0.014184397163120567,56.43971631205674,49.45390070921986,0.011166440319903425,0.00024694406716878624,49.45390070921986,3
Claudia Jensen,0.68,0.02,0.02,52.98,44.96,0.013600000000000001,0.00037050759540570587,44.96,3
Claudia Jensen Sirvent,0.64,0.04,0.013333333333333334,53.54666666666667,46.70666666666666,0.0256,0.0002444390124663896,46.70666666666666,3
Claudia Ordo??ez Romero,0.5,0.0,0.0,39.0,33.0,0.0,0.0,33.0,2
Clement Geens,0.38461538461538464,0.0,0.07692307692307693,46.46153846153846,30.846153846153847,0.0,0.001620745542949757,30.846153846153847,2
Coral Alvarez Castro,0.0,0.0,0.0,40.0,30.0,0.0,0.0,30.0,0
Cristian German Gutierrez,0.26666666666666666,0.0,0.0,46.13333333333333,36.13333333333333,0.0,0.0,36.13333333333333,2
Cristian Jensen Sirvent,0.0,0.0,0.0,43.0,42.0,0.0,0.0,42.0,0
Cristina Gonzalez Cidoncha,0.0,0.0,0.0,40.0,30.0,0.0,0.0,30.0,0
Cristina Gonzalez Moro,0.0,0.0,0.0,42.0,40.0,0.0,0.0,40.0,0
Cristobal Martinez,0.25,0.0,0.25,45.75,40.0,0.0,0.0053475935828877,40.0,2
Cristobal Molina,0.0,0.0,1.0,40.0,23.0,0.0,0.024390243902439025,23.0,1
Daiara Agustina Valenzuela,0.25,0.0,0.0,47.0,38.25,0.0,0.0,38.25,2
Daiara Valenzuela,0.0,0.0,0.0,42.5,34.5,0.0,0.0,34.5,0
Daniel Appelgren,0.0,0.0,0.0,46.0,33.0,0.0,0.0,33.0,0
Daniel Luna Peinado,0.0,0.0,0.0,47.0,31.0,0.0,0.0,31.0,0
Daniel Santigosa,0.29411764705882354,0.0,0.058823529411764705,47.911764705882355,33.705882352941174,0.0,0.0012026458208057725,33.705882352941174,2
Daniel Windahl,0.2857142857142857,0.0,0.09523809523809523,46.95238095238095,32.857142857142854,0.0,0.0019860973187686196,32.857142857142854,2
Daniela Banchero,0.0,0.0,0.0,35.0,24.0,0.0,0.0,24.0,0
Daniele Cattaneo,0.3333333333333333,0.0,0.0,45.0,27.0,0.0,0.0,27.0,0
David Gala,0.40425531914893614,0.0,0.0425531914893617,48.361702127659576,35.680851063829785,0.0,0.0008620689655172414,35.680851063829785,2
Delfina Brea Senesi,0.8355263157894737,0.02631578947368421,0.006578947368421052,56.875,50.05263157894737,0.02198753462603878,0.00011367511651699443,50.05263157894737,3
Denis Tomas Perino,0.3617021276595745,0.0,0.0425531914893617,48.57446808510638,36.06382978723404,0.0,0.0008583690987124463,36.06382978723404,2
Diego Arredondo Garc??a,0.0,0.0,0.0,42.0,27.0,0.0,0.0,27.0,0
Diego Arredondo Garcia,0.2,0.0,0.0,41.6,25.8,0.0,0.0,25.8,0
Diego Garc??a,0.16666666666666666,0.0,0.16666666666666666,44.666666666666664,27.333333333333332,0.0,0.0036496350364963502,27.333333333333332,0
Diego Garcia Garcia,0.5,0.0,0.0,48.833333333333336,39.166666666666664,0.0,0.0,39.166666666666664,2
Diego Gil,0.2692307692307692,0.0,0.038461538461538464,46.0,33.15384615384615,0.0,0.0008183306055646482,33.15384615384615,2
Diogo Jesus,0.5,0.0,0.0,52.0,41.5,0.0,0.0,41.5,2
Dora Andrejszki,0.0,0.0,0.0,36.0,27.0,0.0,0.0,27.0,0
Dora Chamli,0.5,0.0,0.0,44.5,41.5,0.0,0.0,41.5,2
Douglas Rutgersson,0.0,0.0,0.0,40.5,28.0,0.0,0.0,28.0,0
Dylan Demian Cuello,0.0,0.0,0.0,45.333333333333336,30.0,0.0,0.0,30.0,0
Dylan Guichard,0.16666666666666666,0.0,0.0,47.166666666666664,34.5,0.0,0.0,34.5,0
Edu Alonso,0.58,0.0,0.03,51.65,39.61,0.0,0.0005698005698005698,39.61,2
Elena De La Rosa Ramos,0.0,0.0,0.0,36.0,33.0,0.0,0.0,33.0,0
Elisabet Amatriain Armas,0.3333333333333333,0.0,0.6666666666666666,49.0,38.0,0.0,0.013333333333333332,38.0,1
Ella Sillanp????,0.0,0.0,0.0,39.0,38.0,0.0,0.0,38.0,0
Elsa Terranova,0.0,0.0,0.0,44.0,32.0,0.0,0.0,32.0,0
Emiliano Martin Iriart,0.14285714285714285,0.0,0.0,46.0,35.285714285714285,0.0,0.0,35.285714285714285,0
Emilio Sanchez,0.38636363636363635,0.0,0.0,48.04545454545455,35.02272727272727,0.0,0.0,35.02272727272727,2
Emily Stellato,0.2857142857142857,0.14285714285714285,0.0,43.142857142857146,38.857142857142854,0.04081632653061224,0.0,38.857142857142854,3
Emma Karen Reyes Baca,0.0,0.0,0.0,19.0,14.0,0.0,0.0,14.0,0
Enric Sanmarti Beleta,0.0,0.0,0.0,35.0,26.0,0.0,0.0,26.0,0
Enrique Goenaga,0.417910447761194,0.0,0.014925373134328358,49.32835820895522,35.656716417910445,0.0,0.0002965599051008304,35.656716417910445,2
Enzo Jensen,0.38095238095238093,0.0,0.0,50.0,35.523809523809526,0.0,0.0,35.523809523809526,2
Erika Zanchetta,0.0,0.0,2.0,42.0,33.0,0.0,0.046511627906976744,33.0,1
Esther Carnicero Martin,0.375,0.0,0.05,45.4,37.575,0.0,0.0010775862068965517,37.575,2
Facundo Dehnike,0.5,0.0,0.0,49.125,38.5,0.0,0.0,38.5,2
Facundo Dominguez,0.3829787234042553,0.0,0.02127659574468085,49.0,37.12765957446808,0.0,0.000425531914893617,37.12765957446808,2
Facundo Erguy,0.0,0.0,0.0,33.0,22.0,0.0,0.0,22.0,0
Facundo Rodrigo Luis Lopez,0.42857142857142855,0.0,0.0,50.714285714285715,35.57142857142857,0.0,0.0,35.57142857142857,2
Faisal Alrebdi,0.0,0.0,0.3333333333333333,26.333333333333332,18.666666666666668,0.0,0.012195121951219513,18.666666666666668,1
Fares Al Janahi,0.0,0.0,0.0,32.5,27.5,0.0,0.0,27.5,0
Fatma Al Nabhani,0.0,0.0,0.0,28.0,25.0,0.0,0.0,25.0,0
Federico Alejandro Fleitas,0.0,0.0,0.0,43.0,45.0,0.0,0.0,45.0,2
Federico Chingotto,0.8162162162162162,0.0,0.010810810810810811,56.54054054054054,45.14594594594595,0.0,0.00018788163457022076,45.14594594594595,2
Federico Chiostri,0.0,0.0,0.0,45.5,29.0,0.0,0.0,29.0,0
Federico Mouri??o,0.37037037037037035,0.0,0.018518518518518517,47.870370370370374,36.592592592592595,0.0,0.000378931413414172,36.592592592592595,2
Felipe Calleja,0.0,0.0,1.0,38.0,28.0,0.0,0.02564102564102564,28.0,1
Fernando Belasteguin,0.5490196078431373,0.0,0.0392156862745098,50.411764705882355,38.372549019607845,0.0,0.0007627765064836002,38.372549019607845,2
Ferran Insa Sotillo,0.14285714285714285,0.0,0.0,44.0,30.428571428571427,0.0,0.0,30.428571428571427,0
Flavio Abbate,0.1875,0.0,0.0,44.0,27.25,0.0,0.0,27.25,0
Fran Ramirez Navas,0.3,0.0,0.0,45.5,33.6,0.0,0.0,33.6,2
Francesca Ligotti,0.0,0.0,0.0,44.0,36.0,0.0,0.0,36.0,0
Francisco Alameda Robles,0.0,0.0,0.0,37.0,27.0,0.0,0.0,27.0,0
Francisco Britos,0.5,0.0,0.0,43.0,34.0,0.0,0.0,34.0,2
Francisco Cabeza Teres,0.43478260869565216,0.0,0.043478260869565216,49.34782608695652,36.65217391304348,0.0,0.0008635578583765112,36.65217391304348,2
Francisco Gil,0.4583333333333333,0.013888888888888888,0.013888888888888888,48.583333333333336,37.486111111111114,0.00636574074074074,0.00028011204481792715,37.486111111111114,2
Francisco Guerrero,0.5591397849462365,0.010752688172043012,0.010752688172043012,50.54838709677419,36.01075268817204,0.006012255752110071,0.00020859407592824366,36.01075268817204,2
Francisco Jurado Sosa,0.25,0.0,0.0,44.0,26.25,0.0,0.0,26.25,0
Francisco Miguel Ramirez Navas,0.16666666666666666,0.0,0.0,45.666666666666664,31.666666666666668,0.0,0.0,31.666666666666668,0
Francisco Navarro,0.6764705882352942,0.0,0.022058823529411766,53.22794117647059,41.294117647058826,0.0,0.0004067796610169492,41.294117647058826,2
Franco Dal Bianco,0.3333333333333333,0.0,0.0,46.666666666666664,31.666666666666668,0.0,0.0,31.666666666666668,2
Franco Stupaczuk,0.7484276729559748,0.0,0.006289308176100629,55.15094339622642,42.9622641509434,0.0,0.00011200716845878136,42.9622641509434,2
Gabriela Roux Vidal,0.0,0.0,0.0,40.0,21.0,0.0,0.0,21.0,0
Gemma Triay Pons,0.8353658536585366,0.024390243902439025,0.006097560975609756,57.451219512195124,50.676829268292686,0.02037477691850089,0.00010431879824744419,50.676829268292686,3
Georges Wakim,0.0,0.0,0.0,41.5,23.5,0.0,0.0,23.5,0
Gerard Arnaldos Serrano,0.375,0.0,0.125,44.0,32.875,0.0,0.002777777777777778,32.875,2
Gianina Minieri,0.0,0.0,0.0,40.0,21.0,0.0,0.0,21.0,0
Gimena Sol Perez,0.0,0.0,0.0,24.0,12.0,0.0,0.0,12.0,0
Giorgia Marchetti,0.3333333333333333,0.020833333333333332,0.020833333333333332,46.854166666666664,39.0,0.006944444444444444,0.00043535045711797995,39.0,2
Giulia Dal Pozzo,0.16666666666666666,0.0,0.0,45.333333333333336,38.666666666666664,0.0,0.0,38.666666666666664,2
Giulia Sussarello,0.2,0.2,0.0,43.4,39.8,0.04000000000000001,0.0,39.8,3
Giulio Graziotti,0.0,0.0,0.0,43.57142857142857,28.571428571428573,0.0,0.0,28.571428571428573,0
Gonzalo Alfonso,0.4883720930232558,0.0,0.046511627906976744,50.18604651162791,38.348837209302324,0.0,0.0009086778736937755,38.348837209302324,2
Gonzalo Perez Arbona,0.0,0.0,1.0,39.0,17.0,0.0,0.025,17.0,1
Gonzalo Rubio,0.38235294117647056,0.014705882352941176,0.04411764705882353,47.779411764705884,34.10294117647059,0.005622837370242214,0.0009044317154054869,34.10294117647059,2
Guillem Figuerola Santiago,0.0,0.0,0.0,41.0,26.0,0.0,0.0,26.0,0
Guillermo Collado,0.43902439024390244,0.0,0.024390243902439025,49.073170731707314,35.41463414634146,0.0,0.0004870920603994155,35.41463414634146,2
Gustavo Nunes,0.16666666666666666,0.0,0.16666666666666666,41.0,23.0,0.0,0.003968253968253968,23.0,0
Hassan Adel Waly,0.0,0.0,0.0,38.0,27.0,0.0,0.0,27.0,0
Helena Wyckaert,0.25,0.25,0.0,41.75,28.5,0.0625,0.0,28.5,3
Henrique Barbosa,0.5,0.0,0.0,47.5,31.5,0.0,0.0,31.5,2
Ignacio Andres Lehyt Sances,0.0,0.0,0.0,34.0,9.0,0.0,0.0,9.0,0
Ignacio Piotto,0.3333333333333333,0.027777777777777776,0.027777777777777776,47.888888888888886,35.361111111111114,0.009259259259259259,0.0005681818181818182,35.361111111111114,2
Ignacio Sager,0.42028985507246375,0.0,0.10144927536231885,47.44927536231884,32.84057971014493,0.0,0.0020939276099311995,32.84057971014493,2
Iman Metwally,0.0,0.0,0.0,33.0,30.0,0.0,0.0,30.0,0
Inigo Jofre,0.4393939393939394,0.015151515151515152,0.06060606060606061,48.78787878787879,34.39393939393939,0.006657483930211203,0.0012172854534388314,34.39393939393939,2
Irene Jimenez,0.0,0.0,0.0,35.0,24.0,0.0,0.0,24.0,0
Isaac Huysveld,0.0,0.0,0.0,33.0,18.0,0.0,0.0,18.0,0
Ivan Ramirez,0.26666666666666666,0.0,0.03333333333333333,46.7,34.43333333333333,0.0,0.0006988120195667365,34.43333333333333,2
Ivo Andenmatten Gudi??o,0.0,0.0,1.0,38.0,28.0,0.0,0.02564102564102564,28.0,1
Jabor Al-Mutawa,0.0,0.0,0.0,27.0,27.5,0.0,0.0,27.5,0
Jaime Fermosell Delgado,0.3333333333333333,0.0,0.0,44.77777777777778,35.0,0.0,0.0,35.0,2
Jaime Munoz,0.275,0.0,0.0,47.125,34.325,0.0,0.0,34.325,2
Jairo Bautista,0.49382716049382713,0.0,0.012345679012345678,49.888888888888886,35.48148148148148,0.0,0.00024260067928190198,35.48148148148148,2
Jana Montes Cabruja,0.2857142857142857,0.0,0.07142857142857142,46.964285714285715,38.857142857142854,0.0,0.0014892032762472075,38.857142857142854,2
Janine Hemmes,0.0,0.0,0.0,31.0,21.0,0.0,0.0,21.0,0
Jaume Romera Barcelo,0.6666666666666666,0.0,0.16666666666666666,51.833333333333336,39.0,0.0,0.003154574132492113,39.0,2
Javier Barahona,0.4864864864864865,0.0,0.05405405405405406,49.0,36.13513513513514,0.0,0.001081081081081081,36.13513513513514,2
Javier Bravo Alvarez,0.0,0.0,0.0,38.0,12.0,0.0,0.0,12.0,0
Javier Garcia,0.4647887323943662,0.0,0.028169014084507043,49.352112676056336,36.70422535211268,0.0,0.0005594405594405594,36.70422535211268,2
Javier Garrido,0.5851063829787234,0.010638297872340425,0.0425531914893617,51.638297872340424,37.851063829787236,0.006224535989135355,0.0008084074373484236,37.851063829787236,2
Javier Leal,0.5617977528089888,0.011235955056179775,0.0,51.50561797752809,37.247191011235955,0.006312334301224593,0.0,37.247191011235955,2
Javier Martinez,0.38,0.0,0.0,47.82,35.28,0.0,0.0,35.28,2
Javier Navarro Perez,0.0,0.0,0.0,31.0,25.0,0.0,0.0,25.0,0
Javier Rico,0.44,0.0,0.02,48.06,35.32,0.0,0.00040766408479412964,35.32,2
Javier Rodriguez Marquez,0.0,0.0,1.0,39.0,17.0,0.0,0.025,17.0,1
Javier Ruiz,0.4126984126984127,0.015873015873015872,0.031746031746031744,49.03174603174603,35.58730158730159,0.006550768455530359,0.0006345177664974619,35.58730158730159,2
Javier Valdes,0.37735849056603776,0.0,0.05660377358490566,48.18867924528302,36.339622641509436,0.0,0.0011507479861910242,36.339622641509436,2
Jeremy Scatena,0.0,0.0,0.0,45.0,27.0,0.0,0.0,27.0,0
Jerome Inzerillo,0.0,0.0,0.0,48.0,31.0,0.0,0.0,31.0,0
Jessica Castello Lopez,0.5943396226415094,0.009433962264150943,0.018867924528301886,51.68867924528302,44.58490566037736,0.0056069775720897115,0.00035810205908683976,44.58490566037736,2
Jessica Ginier Barbier,0.0,0.0,0.0,36.75,26.5,0.0,0.0,26.5,0
Jesus Moya,0.38095238095238093,0.0,0.09523809523809523,48.23809523809524,34.642857142857146,0.0,0.001934235976789168,34.642857142857146,2
Jimena Velasco,0.3333333333333333,0.0,0.0,46.666666666666664,43.333333333333336,0.0,0.0,43.333333333333336,2
Jimena Velasco Postiguillo,0.40625,0.0,0.125,47.234375,40.90625,0.0,0.0025915127955944283,40.90625,2
Joao Maria Caiano,0.6666666666666666,0.0,0.0,50.666666666666664,41.333333333333336,0.0,0.0,41.333333333333336,2
Joel Olivera Palos,0.0,0.0,0.0,42.0,30.0,0.0,0.0,30.0,0
Johan Bergeron,0.14285714285714285,0.0,0.14285714285714285,43.714285714285715,33.42857142857143,0.0,0.003194888178913738,33.42857142857143,0
Johannes Lindmeyer,0.0,0.0,0.0,33.0,28.0,0.0,0.0,28.0,0
Jon Sanz,0.6475409836065574,0.01639344262295082,0.01639344262295082,52.10655737704918,40.13934426229508,0.010615425960763238,0.0003086896125945362,40.13934426229508,3
Jorge Nieto,0.6640625,0.0234375,0.015625,52.875,41.0234375,0.01556396484375,0.0002900232018561485,41.0234375,3
Jorge Ruiz,0.22727272727272727,0.045454545454545456,0.0,45.18181818181818,35.04545454545455,0.010330578512396695,0.0,35.04545454545455,2
Joris De Weerdt,0.0,0.0,0.0,36.0,26.0,0.0,0.0,26.0,0
Jose Angel Montoya,0.0,0.0,0.0,38.0,35.0,0.0,0.0,35.0,0
Jose Antonio Diestro,0.43661971830985913,0.0,0.0,48.63380281690141,36.15492957746479,0.0,0.0,36.15492957746479,2
Jose Carlos Gaspar,0.0,0.0,0.0,42.0,32.5,0.0,0.0,32.5,0
Jose David Sanchez,0.2916666666666667,0.0,0.041666666666666664,47.083333333333336,35.375,0.0,0.0008665511265164644,35.375,2
Jose Jimenez,0.375,0.017857142857142856,0.07142857142857142,47.55357142857143,35.125,0.006696428571428571,0.0014711290915777858,35.125,2
Jose Luis Gonzalez,0.22727272727272727,0.0,0.09090909090909091,47.18181818181818,34.09090909090909,0.0,0.001886792452830189,34.09090909090909,2
Jose Maria Alvarez Torres,0.0,0.0,0.0,39.0,25.0,0.0,0.0,25.0,0
Jose Maria Mouliaa,0.0,0.0,0.0,42.0,32.5,0.0,0.0,32.5,0
Jose Pablo Padilla,0.2,0.0,0.0,43.2,29.8,0.0,0.0,29.8,0
Jose Rico,0.4090909090909091,0.0,0.045454545454545456,47.36363636363637,35.65909090909091,0.0,0.0009398496240601503,35.65909090909091,2
Jose Roman Martinez Sanchis,0.0,0.0,0.0,39.0,29.0,0.0,0.0,29.0,0
Jose Solano Marmolejo,0.34615384615384615,0.0,0.0,46.46153846153846,32.88461538461539,0.0,0.0,32.88461538461539,2
Juan Cruz Belluati,0.36065573770491804,0.0,0.06557377049180328,46.83606557377049,33.0655737704918,0.0,0.0013708019191226869,33.0655737704918,2
Juan Ignacio De Pascual,0.4444444444444444,0.0,0.1111111111111111,48.55555555555556,34.22222222222222,0.0,0.002242152466367713,34.22222222222222,2
Juan Ignacio Rubini,0.3125,0.0,0.0,48.6875,33.875,0.0,0.0,33.875,2
Juan Lebron,0.756578947368421,0.0,0.02631578947368421,55.19078947368421,43.18421052631579,0.0,0.00046832923545252306,43.18421052631579,2
Juan Manuel Arga??aras,0.0,0.0,0.0,47.0,32.333333333333336,0.0,0.0,32.333333333333336,0
Juan Manuel Restivo,0.0,0.0,0.0,46.0,36.0,0.0,0.0,36.0,0
Juan Martin Diaz Martinez,0.4,0.0,0.0,49.6,36.4,0.0,0.0,36.4,2
Juan Pablo Andrada,0.0,0.0,0.0,34.0,19.0,0.0,0.0,19.0,0
Juan Pablo Castillo,0.0,0.0,0.0,39.5,26.0,0.0,0.0,26.0,0
Juan Pablo Dametto,0.0,0.0,0.0,44.5,40.5,0.0,0.0,40.5,0
Juan Tello,0.5625,0.010416666666666666,0.0625,50.395833333333336,37.09375,0.005859375,0.0012160518848804214,37.09375,2
Juan Zamora Perez,0.3333333333333333,0.0,0.0,51.0,37.333333333333336,0.0,0.0,37.333333333333336,2
Juanlu Esbri,0.5,0.0,0.012195121951219513,49.65853658536585,37.426829268292686,0.0,0.0002407318247472316,37.426829268292686,2
Julia Polo Bautista,0.3076923076923077,0.0,0.0,47.61538461538461,39.53846153846154,0.0,0.0,39.53846153846154,2
Julian Di Bene,0.0,0.0,0.0,37.0,27.0,0.0,0.0,27.0,0
Julian Lacamoire,0.3333333333333333,0.0,0.0,46.333333333333336,31.833333333333332,0.0,0.0,31.833333333333332,2
Julian Prins,0.0,0.0,0.0,43.5,29.0,0.0,0.0,29.0,0
Julien Seurin,0.0,0.0,0.0,45.5,30.0,0.0,0.0,30.0,0
Julieta Bidahorria,0.4444444444444444,0.07407407407407407,0.0,48.55555555555556,42.18518518518518,0.03292181069958847,0.0,42.18518518518518,3
Julieta Evangelina Bidahorria,0.32142857142857145,0.10714285714285714,0.10714285714285714,46.857142857142854,37.32142857142857,0.034438775510204085,0.002238805970149254,37.32142857142857,3
Karlos Rodriguez Vidal,0.5,0.0,0.5,52.5,46.0,0.0,0.009345794392523364,46.0,2
Khalid Saadon Alkuwari,0.0,0.0,0.0,34.5,23.0,0.0,0.0,23.0,0
Kimberley Ahumada Carrasco,0.0,0.0,0.0,32.5,16.5,0.0,0.0,16.5,0
Ksenia Sharifova,0.38636363636363635,0.0,0.0,47.59090909090909,37.06818181818182,0.0,0.0,37.06818181818182,2
Laila El Nimr,0.0,0.0,0.0,32.0,25.333333333333332,0.0,0.0,25.333333333333332,0
Lara Arruabarrena,0.30612244897959184,0.02040816326530612,0.04081632653061224,47.224489795918366,39.326530612244895,0.006247396917950853,0.0008463817181548878,39.326530612244895,2
Laura Luj??n Rodr??guez,0.0,0.0,0.0,43.5,38.0,0.0,0.0,38.0,0
Laura Lujan Rodriguez,0.2,0.0,0.13333333333333333,47.6,40.4,0.0,0.0027434842249657062,40.4,2
Lea Godallier,0.3548387096774194,0.03225806451612903,0.03225806451612903,49.41935483870968,41.67741935483871,0.011446409989594173,0.0006397952655150352,41.67741935483871,3
Leo Augsburger,0.6153846153846154,0.02197802197802198,0.03296703296703297,51.54945054945055,37.34065934065934,0.013524936601859681,0.0006273525721455459,37.34065934065934,3
Leonardo Yob,0.5,0.0,0.0,50.5,50.0,0.0,0.0,50.0,2
Letizia Maria Manquillo Alarda,0.5,0.0,0.0,43.0,34.5,0.0,0.0,34.5,2
Letizia Maria Manquillo Alarza,0.25,0.0,0.05,44.4,37.8,0.0,0.0011013215859030838,37.8,2
Lorena Alonso,0.3333333333333333,0.0,0.0,45.333333333333336,35.666666666666664,0.0,0.0,35.666666666666664,2
Lorena Alonso De Lera,0.0,0.0,0.0,40.0,32.666666666666664,0.0,0.0,32.666666666666664,0
Lorena Rufo Ortiz,0.410958904109589,0.0136986301369863,0.0958904109589041,49.04109589041096,41.794520547945204,0.005629574028898479,0.0019162332329592116,41.794520547945204,2
Lorena Vano,0.0,0.0,0.0,42.666666666666664,36.666666666666664,0.0,0.0,36.666666666666664,0
Lorena Vano Martin,0.18181818181818182,0.0,0.09090909090909091,45.54545454545455,36.45454545454545,0.0,0.001953125,36.45454545454545,2
Lorenzo Di Giovanni,0.3,0.0,0.0,44.4,30.8,0.0,0.0,30.8,2
Louise Bahurel,0.0,0.0,0.0,46.0,33.0,0.0,0.0,33.0,0
Lourdes Pascual Rodriguez,0.3333333333333333,0.0,0.0,45.333333333333336,35.666666666666664,0.0,0.0,35.666666666666664,2
Lucas Bergamini,0.5818181818181818,0.0,0.02727272727272727,51.472727272727276,39.70909090909091,0.0,0.0005197505197505197,39.70909090909091,2
Lucas Campagnolo,0.5375,0.0,0.025,49.9875,35.75,0.0,0.0004903162539838196,35.75,2
Lucia Garcia Trella,0.25,0.0,0.0,44.5,38.75,0.0,0.0,38.75,2
Lucia Martinez Gomez,0.43283582089552236,0.0,0.07462686567164178,48.16417910447761,38.582089552238806,0.0,0.0015179113539769277,38.582089552238806,2
Lucia Micaela Fernandez Lopez,0.0,0.0,0.0,46.0,37.5,0.0,0.0,37.5,0
Lucia Peralta Exposito,0.14285714285714285,0.0,0.07142857142857142,44.357142857142854,36.92857142857143,0.0,0.0015748031496062992,36.92857142857143,2
Lucia Perez Parra,0.0,0.0,0.0,46.0,37.5,0.0,0.0,37.5,0
Lucia Sainz Pelegri,0.5963302752293578,0.027522935779816515,0.06422018348623854,52.669724770642205,45.330275229357795,0.01641275986869792,0.0011965811965811966,45.330275229357795,3
Luciano Capra,0.46774193548387094,0.0,0.03225806451612903,49.54838709677419,37.20967741935484,0.0,0.0006381620931716656,37.20967741935484,2
Luciano Puppo,0.0,0.0,0.0,47.0,39.0,0.0,0.0,39.0,0
Lucile Pothier,0.0,0.0,0.5,43.0,35.5,0.0,0.011363636363636364,35.5,1
Luis Enrique Barrientos Garcia,0.0,0.0,0.0,35.666666666666664,24.666666666666668,0.0,0.0,24.666666666666668,0
Luis Hernandez,0.35714285714285715,0.0,0.03571428571428571,48.089285714285715,33.17857142857143,0.0,0.000727537286285922,33.17857142857143,2
Luis Pozo Carballo,0.0,0.0,0.0,37.0,27.0,0.0,0.0,27.0,0
Luisa Fernanda De La Pe??a Rosas,0.0,0.0,0.0,24.0,19.0,0.0,0.0,19.0,0
Maite Cano Pou,0.0,0.0,0.0,44.0,40.0,0.0,0.0,40.0,0
Majed Al Janahi,0.0,0.0,0.0,27.0,22.0,0.0,0.0,22.0,0
Manuel Aragon Herrera,0.5714285714285714,0.0,0.0,49.857142857142854,40.42857142857143,0.0,0.0,40.42857142857143,2
Manuel Casta??o,0.4666666666666667,0.0,0.06666666666666667,48.4,32.53333333333333,0.0,0.001349527665317139,32.53333333333333,2
Manuel Gayone,0.3333333333333333,0.0,0.0,41.333333333333336,30.333333333333332,0.0,0.0,30.333333333333332,2
Manuel Rocafort Lores,0.0,0.0,0.5,44.5,31.0,0.0,0.01098901098901099,31.0,1
Manuel Yuste Apolinar,0.0,0.0,0.0,30.0,20.0,0.0,0.0,20.0,0
Manuela Schuck Silva,0.21428571428571427,0.0,0.0,42.642857142857146,35.642857142857146,0.0,0.0,35.642857142857146,2
Mar??a Virginia Riera,0.4,0.0,0.1,52.2,45.7,0.0,0.0018796992481203006,45.7,2
Marc Lupon Martinez,0.0,0.0,0.0,43.0,25.0,0.0,0.0,25.0,0
Marc Quilez,0.3488372093023256,0.023255813953488372,0.046511627906976744,48.72093023255814,34.604651162790695,0.008112493239588967,0.0009354536950420954,34.604651162790695,2
Marc Sintes Villalonga,0.4375,0.0,0.0,49.5625,34.1875,0.0,0.0,34.1875,2
Marcella Koek,0.16666666666666666,0.0,0.0,42.583333333333336,35.0,0.0,0.0,35.0,2
Marco Cassetta,0.08333333333333333,0.0,0.08333333333333333,44.583333333333336,29.416666666666668,0.0,0.0018281535648994513,29.416666666666668,0
Marcos Cordoba,0.0,0.0,0.0,44.333333333333336,33.333333333333336,0.0,0.0,33.333333333333336,0
Marcos Gonzalez Blanco,0.0,0.0,0.0,43.0,27.0,0.0,0.0,27.0,0
Maria Casta??era Hernandez,0.0,0.0,0.0,31.0,17.0,0.0,0.0,17.0,0
Maria Del Carmen Villalba Sanchez,0.4,0.0,0.0,43.6,40.2,0.0,0.0,40.2,2
Maria Eulalia Rodriguez Abajo,0.38333333333333336,0.0,0.06666666666666667,47.53333333333333,39.28333333333333,0.0,0.0013736263736263737,39.28333333333333,2
Maria Jose Sanchez Alayeto,0.75,0.0,0.0,50.625,40.75,0.0,0.0,40.75,2
Maria Laura Ferreyra,0.0,0.0,0.0,36.0,22.5,0.0,0.0,22.5,0
Maria Pilar Sanchez Alayeto,0.75,0.0,0.0,50.625,40.75,0.0,0.0,40.75,2
Maria Portillo Perez,0.0,0.0,0.0,38.333333333333336,31.833333333333332,0.0,0.0,31.833333333333332,0
Maria Virginia Riera,0.375,0.0,0.0,45.25,38.0625,0.0,0.0,38.0625,2
Mariam Alsarraj,0.0,0.0,0.0,21.0,20.0,0.0,0.0,20.0,0
Marianela Montesi,0.0,0.0,0.0,38.333333333333336,32.333333333333336,0.0,0.0,32.333333333333336,0
Mariano Agustin Gonzalez San Martin,0.42857142857142855,0.0,0.0,49.285714285714285,36.0,0.0,0.0,36.0,2
Marina Guinart,0.5,0.03571428571428571,0.023809523809523808,48.976190476190474,39.785714285714285,0.017857142857142856,0.0004764173415912339,39.785714285714285,3
Marina Lobo,0.3275862068965517,0.0,0.10344827586206896,46.58620689655172,39.43103448275862,0.0,0.002173913043478261,39.43103448275862,2
Marina Pinacho Sanchez,0.0,0.0,0.0,37.0,27.0,0.0,0.0,27.0,0
Mario Del Castillo,0.3902439024390244,0.0,0.0,47.048780487804876,36.48780487804878,0.0,0.0,36.48780487804878,2
Mario Huete,0.4,0.0,0.05714285714285714,47.31428571428572,33.714285714285715,0.0,0.0011827321111768183,33.714285714285715,2
Mario Ortega,0.2903225806451613,0.03225806451612903,0.06451612903225806,46.354838709677416,34.61290322580645,0.009365244536940686,0.0013623978201634877,34.61290322580645,2
Marta Arellano Navarro,0.15,0.0,0.0,44.8,36.45,0.0,0.0,36.45,2
Marta Barrera De La Fuente,0.375,0.03571428571428571,0.03571428571428571,47.339285714285715,38.910714285714285,0.013392857142857142,0.0007388252678241596,38.910714285714285,3
Marta Borrero,0.28888888888888886,0.022222222222222223,0.06666666666666667,45.266666666666666,37.266666666666666,0.006419753086419753,0.001440922190201729,37.266666666666666,2
Marta Caparros Maldonado,0.3620689655172414,0.034482758620689655,0.034482758620689655,47.172413793103445,38.827586206896555,0.01248513674197384,0.0007158196134574088,38.827586206896555,3
Marta Marrero,0.2,0.0,0.0,44.8,39.2,0.0,0.0,39.2,2
Marta Marrero Marrero,0.41379310344827586,0.0,0.06896551724137931,49.62068965517241,41.793103448275865,0.0,0.0013623978201634877,41.793103448275865,2
Marta Ortega Gallego,0.6764705882352942,0.007352941176470588,0.029411764705882353,53.720588235294116,46.455882352941174,0.004974048442906574,0.0005374899220639614,46.455882352941174,2
Marta Talavan,0.35294117647058826,0.058823529411764705,0.09803921568627451,48.333333333333336,42.01960784313726,0.020761245674740487,0.001987281399046105,42.01960784313726,3
Martin Abud,0.4,0.0,0.0,48.0,38.0,0.0,0.0,38.0,2
Martin Ariel Andornino,0.0,0.0,0.0,46.0,36.0,0.0,0.0,36.0,0
Martin Di Nenno,0.7291666666666666,0.0,0.020833333333333332,53.88194444444444,41.74305555555556,0.0,0.0003796026825256232,41.74305555555556,2
Martin Sanchez Pi??eiro,0.5,0.0,0.0,49.0,38.5,0.0,0.0,38.5,2
Martina Calvo Santamaria,0.59375,0.03125,0.0625,51.453125,43.671875,0.0185546875,0.0011915400655347036,43.671875,3
Martina Fassio Goyeneche,0.41379310344827586,0.0,0.017241379310344827,48.41379310344828,40.46551724137931,0.0,0.0003489183531053733,40.46551724137931,2
Martina Parmigiani,0.0,0.0,0.6666666666666666,43.666666666666664,34.0,0.0,0.014925373134328358,34.0,1
Mashari Nawaf,0.0,0.0,0.0,41.0,31.0,0.0,0.0,31.0,0
Mateo Rivero,0.0,0.0,0.0,46.0,36.0,0.0,0.0,36.0,0
Matias Damian Gonzalez,0.0,0.0,0.0,45.5,39.0,0.0,0.0,39.0,0
Matias Emiliano Gutierrez C.,0.0,0.0,0.0,37.0,29.0,0.0,0.0,29.0,0
Matias Emmanuel Del Moral,0.0,0.0,0.0,45.0,29.0,0.0,0.0,29.0,0
Matteo Platania,0.0,0.0,0.0,42.0,34.0,0.0,0.0,34.0,0
Matteo Sargolini,0.0,0.0,0.0,42.0,34.0,0.0,0.0,34.0,0
Matthias Wunner,0.0,0.0,0.0,33.0,28.0,0.0,0.0,28.0,0
Mauricio A Rivero,0.5,0.0,0.0,43.0,34.0,0.0,0.0,34.0,2
Mauro Agustin Salandro,0.25,0.0,0.0,44.5,33.5,0.0,0.0,33.5,2
Max Sjovall,0.0,0.0,0.0,34.0,19.0,0.0,0.0,19.0,0
Maxi Sanchez,0.45,0.0,0.0125,49.15,36.625,0.0,0.00024925224327018947,36.625,2
Maxi Sanchez Blasco,0.46153846153846156,0.0,0.15384615384615385,49.53846153846154,37.30769230769231,0.0,0.0030441400304414006,37.30769230769231,2
Maxime Deloyer,0.0,0.0,0.0,37.0,21.0,0.0,0.0,21.0,0
Maxime Forcin,0.0,0.0,0.0,38.0,14.0,0.0,0.0,14.0,0
Maxime Joris,0.0,0.0,0.0,39.0,32.0,0.0,0.0,32.0,0
Maxime Moreau,0.0,0.0,0.0,47.333333333333336,34.0,0.0,0.0,34.0,0
Maximiliano Arce,0.5652173913043478,0.0,0.0,51.391304347826086,38.17391304347826,0.0,0.0,38.17391304347826,2
Maximiliano Jael Cejas,0.0,0.0,0.0,37.0,29.0,0.0,0.0,29.0,0
Melania Merino Saez,0.40384615384615385,0.0,0.09615384615384616,46.65384615384615,38.71153846153846,0.0,0.002017756255044391,38.71153846153846,2
Menno Nolten,0.4,0.0,0.0,46.2,32.4,0.0,0.0,32.4,2
Michele Bruno,0.0,0.0,0.0,38.0,23.0,0.0,0.0,23.0,0
Miguel Angel Solbes,0.1875,0.0,0.0,45.1875,31.8125,0.0,0.0,31.8125,0
Miguel Benitez,0.40476190476190477,0.023809523809523808,0.0,47.61904761904762,35.57142857142857,0.00963718820861678,0.0,35.57142857142857,2
Miguel Deus,0.4444444444444444,0.05555555555555555,0.1388888888888889,49.5,34.333333333333336,0.024691358024691357,0.0027502750275027505,34.333333333333336,3
Miguel Gonzalez,0.21428571428571427,0.0,0.07142857142857142,46.357142857142854,33.857142857142854,0.0,0.0015082956259426848,33.857142857142854,2
Miguel Lamperti,0.35185185185185186,0.0,0.037037037037037035,47.888888888888886,32.7037037037037,0.0,0.0007575757575757576,32.7037037037037,2
Miguel Melero Bernal,0.0,0.0,0.0,46.0,32.0,0.0,0.0,32.0,0
Miguel Semmler,0.4166666666666667,0.041666666666666664,0.041666666666666664,49.416666666666664,37.333333333333336,0.017361111111111112,0.0008264462809917355,37.333333333333336,3
Miguel Yanguas,0.6884057971014492,0.007246376811594203,0.028985507246376812,53.2536231884058,40.89855072463768,0.004988447805082966,0.0005342593829304127,40.89855072463768,2
Mireia Herrada Ruiz,0.0,0.0,0.0,31.5,24.0,0.0,0.0,24.0,0
Mohamed Aboulkassem,0.5,0.0,0.5,42.0,28.5,0.0,0.011627906976744186,28.5,1
Mohammed Abdulla,0.0,0.0,0.0,31.0,24.0,0.0,0.0,24.0,0
Mohammed Al Khanji,0.0,0.0,0.0,27.0,27.5,0.0,0.0,27.5,0
Mohammed Saadon Alkuwari,0.0,0.0,0.2,33.6,20.2,0.0,0.005780346820809248,20.2,0
Momo Gonzalez,0.639344262295082,0.0,0.00819672131147541,52.30327868852459,39.704918032786885,0.0,0.00015377518068583732,39.704918032786885,2
Monica Gomez Rivas,0.26666666666666666,0.0,0.0,43.266666666666666,38.333333333333336,0.0,0.0,38.333333333333336,2
Mora Hakim,0.0,0.0,0.0,25.0,10.0,0.0,0.0,10.0,0
Moura Hakim,0.0,0.0,0.0,35.5,33.0,0.0,0.0,33.0,0
Nacho Moragues Molt??,0.6,0.0,0.0,49.6,37.2,0.0,0.0,37.2,2
Nacho Vilari??o,0.35714285714285715,0.0,0.0,46.476190476190474,33.214285714285715,0.0,0.0,33.214285714285715,2
Naim Horacio Diaz,0.0,0.0,0.0,44.0,41.0,0.0,0.0,41.0,0
Natalia Blanco,0.0,0.0,0.0,33.5,24.5,0.0,0.0,24.5,0
Natividad Lopez Diaz,0.16666666666666666,0.0,0.0,42.666666666666664,34.0,0.0,0.0,34.0,0
Nawaf Alkadi,0.0,0.0,0.0,26.0,26.0,0.0,0.0,26.0,0
Nicolas Suescun,0.3333333333333333,0.0,0.0,47.111111111111114,36.44444444444444,0.0,0.0,36.44444444444444,2
Noa Canovas Paredes,0.391304347826087,0.0,0.10144927536231885,47.18840579710145,40.971014492753625,0.0,0.002105263157894737,40.971014492753625,2
Noemi Aguilar Carrillo,0.2857142857142857,0.0,0.02857142857142857,46.48571428571429,39.08571428571429,0.0,0.0006016847172081828,39.08571428571429,2
Nuno Deus,0.4473684210526316,0.05263157894736842,0.18421052631578946,49.3421052631579,34.18421052631579,0.023545706371191133,0.003659174072138003,34.18421052631579,3
Nuria Rodriguez,0.4057971014492754,0.0,0.057971014492753624,48.78260869565217,41.6231884057971,0.0,0.0011644832605531296,41.6231884057971,2
Nuria Vivancos,0.16666666666666666,0.0,0.0,44.333333333333336,36.333333333333336,0.0,0.0,36.333333333333336,2
Omar Althagib,0.0,0.0,0.5,30.0,21.0,0.0,0.016129032258064516,21.0,1
Oscar Matias Almada,0.0,0.0,0.0,47.0,32.333333333333336,0.0,0.0,32.333333333333336,0
Pablo Acevedo Iturribarria,0.0,0.0,0.0,35.0,17.0,0.0,0.0,17.0,0
Pablo Cardona,0.6063829787234043,0.010638297872340425,0.05319148936170213,51.297872340425535,36.787234042553195,0.006450882752376642,0.0010170870626525631,36.787234042553195,2
Pablo Castillo Valverde,0.0,0.0,0.0,41.25,29.5,0.0,0.0,29.5,0
Pablo Francisco Amora Hernandez,0.0,0.0,0.0,37.0,21.0,0.0,0.0,21.0,0
Pablo Garcia Rodrigo,0.34545454545454546,0.0,0.01818181818181818,47.61818181818182,35.14545454545455,0.0,0.00037397157816005983,35.14545454545455,2
Pablo Lij??,0.36363636363636365,0.0,0.09090909090909091,48.81818181818182,36.72727272727273,0.0,0.0018248175182481751,36.72727272727273,2
Pablo Lijo,0.4339622641509434,0.0,0.018867924528301886,49.43396226415094,36.83018867924528,0.0,0.0003741114852225963,36.83018867924528,2
Pablo Lima,0.42857142857142855,0.14285714285714285,0.0,50.42857142857143,43.142857142857146,0.06122448979591836,0.0,43.142857142857146,3
Pablo Marqu??s Gonzalez,0.0,0.0,0.0,47.0,31.0,0.0,0.0,31.0,0
Pablo Molina Tofanelli,0.3333333333333333,0.0,0.0,47.666666666666664,45.666666666666664,0.0,0.0,45.666666666666664,2
Pablo Pastor Landaburu,0.5,0.0,0.0,50.5,41.5,0.0,0.0,41.5,2
Pablo Reina Ambel,0.0,0.0,0.0,41.0,27.0,0.0,0.0,27.0,0
Patricia Llaguno Zielinski,0.5865384615384616,0.019230769230769232,0.0673076923076923,52.70192307692308,45.07692307692308,0.011279585798816568,0.001253357206803939,45.07692307692308,3
Patricia Maria Ribeiro,0.21428571428571427,0.0,0.0,41.42857142857143,33.785714285714285,0.0,0.0,33.785714285714285,2
Patricia Martinez Fortun,0.3157894736842105,0.02631578947368421,0.10526315789473684,46.026315789473685,39.78947368421053,0.008310249307479223,0.0022383883603805258,39.78947368421053,2
Pau Mi??ano Ortinez,0.3333333333333333,0.0,0.0,47.166666666666664,34.166666666666664,0.0,0.0,34.166666666666664,2
Paula Josemaria Martin,0.8280254777070064,0.025477707006369428,0.01910828025477707,57.22929936305732,49.59235668789809,0.02109619051482819,0.00032815576460293154,49.59235668789809,3
Pedro Araujo,0.2,0.0,0.0,46.2,32.6,0.0,0.0,32.6,0
Pedro Melendez Amaya,0.23529411764705882,0.0,0.0,48.1764705882353,35.588235294117645,0.0,0.0,35.588235294117645,2
Pedro Vera,0.0,0.0,0.0,40.5,30.0,0.0,0.0,30.0,0
Pepe Aliaga,0.0,0.0,0.0,44.5,27.0,0.0,0.0,27.0,0
Philemon Raichman,0.5,0.0,0.0,47.75,32.25,0.0,0.0,32.25,2
Pier Giulio Farabbi,0.0,0.0,0.0,45.5,34.0,0.0,0.0,34.0,0
Pol Hernandez,0.4146341463414634,0.0,0.0,49.31707317073171,36.19512195121951,0.0,0.0,36.19512195121951,2
Pyry Hyrkk??nen,0.0,0.0,0.0,42.0,20.0,0.0,0.0,20.0,0
Qassem Alobidan,0.0,0.0,0.0,27.0,17.0,0.0,0.0,17.0,0
Rafael Mendez,0.43333333333333335,0.0,0.0,48.06666666666667,36.96666666666667,0.0,0.0,36.96666666666667,2
Ramiro Moyano,0.35714285714285715,0.0,0.047619047619047616,47.285714285714285,35.333333333333336,0.0,0.0009861932938856016,35.333333333333336,2
Ramiro Valenzuela,0.4444444444444444,0.0,0.0,49.55555555555556,36.916666666666664,0.0,0.0,36.916666666666664,2
Raquel Eugenio Barrera,0.46808510638297873,0.0,0.0425531914893617,48.787234042553195,41.723404255319146,0.0,0.0008547008547008546,41.723404255319146,2
Raquel Piltcher,0.08333333333333333,0.0,0.0,42.916666666666664,37.0,0.0,0.0,37.0,0
Raquel Segura Aguilar,0.0,0.0,0.0,46.5,41.75,0.0,0.0,41.75,0
Rashed Nawaf,0.0,0.0,0.0,41.0,31.0,0.0,0.0,31.0,0
Raul Marcos,0.375,0.0,0.0625,47.0,34.875,0.0,0.0013020833333333333,34.875,2
Rayan Abdulla,0.0,0.0,0.0,30.333333333333332,27.333333333333332,0.0,0.0,27.333333333333332,0
Rebeca Lopez Lopez,0.3333333333333333,0.0,0.0,42.5,34.416666666666664,0.0,0.0,34.416666666666664,2
Renata Martinez Becerra,0.0,0.0,0.0,19.0,3.0,0.0,0.0,3.0,0
Renzo Gabriel Nu??ez,0.5,0.0,0.0,50.5,39.5,0.0,0.0,39.5,2
Ricardo Martinez,0.0,0.0,0.5,44.0,32.5,0.0,0.011111111111111112,32.5,1
Riccardo Sinicropi,0.0,0.0,0.0,42.5,31.833333333333332,0.0,0.0,31.833333333333332,0
Roberto Belmont Pastor,0.0,0.0,0.0,42.5,32.0,0.0,0.0,32.0,0
Rodrigo Coello Manso,0.25,0.0,0.0,48.25,30.5,0.0,0.0,30.5,0
Roger Aromi Siquier,0.0,0.0,0.0,45.0,31.0,0.0,0.0,31.0,0
Ruben Rivera,0.2,0.0,0.0,46.8,37.6,0.0,0.0,37.6,2
Saana Saarteinen,0.0,0.0,0.0,39.0,38.0,0.0,0.0,38.0,0
Salvador Oria,0.4074074074074074,0.0,0.09259259259259259,47.96296296296296,33.648148148148145,0.0,0.0018910741301059,33.648148148148145,2
Samuel Rivas Garcia,0.5,0.0,0.0,47.0,34.25,0.0,0.0,34.25,2
Sandra Bellver Fructuoso,0.23529411764705882,0.0,0.029411764705882353,45.1764705882353,36.911764705882355,0.0,0.0006369426751592356,36.911764705882355,2
Sandra Hernandez Camacho,0.5,0.0,0.0,44.5,38.0,0.0,0.0,38.0,2
Sandra Oliveras Gonzalez,0.0,0.0,0.0,41.0,28.0,0.0,0.0,28.0,0
Santiago Frugoni,0.0,0.0,0.0,45.0,29.0,0.0,0.0,29.0,0
Santiago Jose Pineda Cabello,0.0,0.0,0.0,41.5,24.5,0.0,0.0,24.5,0
Santiago Rolla,0.5,0.0,0.5,44.0,32.0,0.0,0.011111111111111112,32.0,2
Sanyo Gutierrez,0.4939759036144578,0.0,0.03614457831325301,49.265060240963855,36.30120481927711,0.0,0.0007190795781399808,36.30120481927711,2
Sara Errani,0.0,0.0,0.0,49.0,36.0,0.0,0.0,36.0,0
Sara Foguer Lapuente,0.0,0.0,0.0,45.0,37.0,0.0,0.0,37.0,0
Sara Mohammed Salhab,0.0,0.0,0.0,24.0,12.0,0.0,0.0,12.0,0
Sara Pujals Perez,0.3,0.0,0.05,44.85,35.45,0.0,0.0010905125408942203,35.45,2
Sara Ruiz Soto,0.2830188679245283,0.03773584905660377,0.09433962264150944,46.81132075471698,39.490566037735846,0.010679957280170878,0.001973164956590371,39.490566037735846,2
Saska Huttunen,0.0,0.0,0.0,42.0,20.0,0.0,0.0,20.0,0
Sattam Alshahrani,0.0,0.0,0.0,31.5,20.5,0.0,0.0,20.5,0
Sebastian Mu??oz Campos,0.0,0.0,0.0,34.0,9.0,0.0,0.0,9.0,0
Sergio Alba,0.25,0.0,0.0,46.5,36.25,0.0,0.0,36.25,2
Sergio Arias Aznar,0.5,0.0,0.0,52.0,41.5,0.0,0.0,41.5,2
Sergio Icardo,0.2,0.0,0.0,45.8,30.2,0.0,0.0,30.2,0
Silvana Campus,0.0,0.0,0.0,33.0,14.0,0.0,0.0,14.0,0
Silvia Lopez Vidal,0.0,0.0,0.0,21.0,20.0,0.0,0.0,20.0,0
Simon Vasquez,0.5,0.0,0.0,50.5,39.5,0.0,0.0,39.5,2
Simon Wagner,0.0,0.0,0.0,46.0,43.0,0.0,0.0,43.0,2
Simone Cremona,0.4,0.0,0.06666666666666667,46.266666666666666,35.333333333333336,0.0,0.0014104372355430183,35.333333333333336,2
Simone Iacovino,0.4,0.0,0.0,45.6,33.4,0.0,0.0,33.4,2
Sofia Araujo,0.65625,0.0078125,0.0234375,52.953125,44.5390625,0.005126953125,0.0004344048653344917,44.5390625,2
Sofia Saiz Vallejo,0.3389830508474576,0.0,0.13559322033898305,46.67796610169491,39.79661016949152,0.0,0.0028439388553146107,39.79661016949152,2
Sten Richters,0.2,0.0,0.0,42.6,31.2,0.0,0.0,31.2,0
Stephanie Weterings,0.0,0.0,0.14285714285714285,42.142857142857146,35.42857142857143,0.0,0.003311258278145695,35.42857142857143,0
Tamara Icardo Alcorisa,0.6534653465346535,0.0297029702970297,0.0297029702970297,53.336633663366335,45.336633663366335,0.019409861778257032,0.0005466472303206997,45.336633663366335,3
Teo Gamondi,0.0,0.0,0.0,43.0,27.5,0.0,0.0,27.5,0
Teodoro Zapata,0.3787878787878788,0.0,0.045454545454545456,48.666666666666664,35.984848484848484,0.0,0.0009151921903599756,35.984848484848484,2
Teresa Navarro,0.25,0.0,0.0,46.5,38.25,0.0,0.0,38.25,2
Teresa Navarro lopez-Barajas,0.2826086956521739,0.0,0.021739130434782608,45.608695652173914,38.630434782608695,0.0,0.0004664179104477612,38.630434782608695,2
Thijs Roper,0.3333333333333333,0.0,0.0,44.833333333333336,35.833333333333336,0.0,0.0,35.833333333333336,2
Thomas Leygue,0.29411764705882354,0.0,0.17647058823529413,46.76470588235294,34.1764705882353,0.0,0.0036945812807881776,34.1764705882353,2
Thomas Vanbauce,0.0,0.0,0.0,42.5,37.5,0.0,0.0,37.5,0
Tia Louisa Norton,0.0,0.0,1.0,47.0,43.0,0.0,0.020833333333333332,43.0,1
Timeo Fonteny,0.0,0.0,0.0,45.0,36.0,0.0,0.0,36.0,0
Tino Libaak,0.4576271186440678,0.01694915254237288,0.03389830508474576,49.96610169491525,35.898305084745765,0.007756391841424878,0.0006651147322913203,35.898305084745765,2
Tolito Aguirre,0.4473684210526316,0.0,0.07894736842105263,50.76315789473684,39.18421052631579,0.0,0.0015251652262328417,39.18421052631579,2
Tomas Luco,0.0,0.0,0.0,44.0,39.0,0.0,0.0,39.0,0
Toni Bueno,0.35,0.05,0.0,48.5,37.4,0.017499999999999998,0.0,37.4,3
Valentina Tommasi,0.0,0.0,0.0,38.5,35.5,0.0,0.0,35.5,0
Veronica Cepede Royg,0.0,0.0,0.0,32.0,33.0,0.0,0.0,33.0,0
Veronica Virseda,0.584070796460177,0.017699115044247787,0.008849557522123894,52.1858407079646,45.415929203539825,0.010337536220534106,0.00016638935108153079,45.415929203539825,3
Victor Mena,0.2962962962962963,0.0,0.0,48.25925925925926,36.55555555555556,0.0,0.0,36.55555555555556,2
Victor Ruiz,0.4430379746835443,0.012658227848101266,0.02531645569620253,48.70886075949367,36.177215189873415,0.0056080756289056235,0.0005092946269416858,36.177215189873415,2
Victor Tur Checa,0.0,0.0,0.0,42.5,32.0,0.0,0.0,32.0,0
Victoria Iglesias Segador,0.47368421052631576,0.013157894736842105,0.013157894736842105,48.44736842105263,40.0921052631579,0.006232686980609418,0.00026609898882384245,40.0921052631579,2
Victoria Kurz,0.0,0.0,0.0,40.0,33.0,0.0,0.0,33.0,0
Virginia Riera,0.5681818181818182,0.022727272727272728,0.0,52.56818181818182,44.27272727272727,0.01291322314049587,0.0,44.27272727272727,3
Xenia Clasca Vidiella,0.25,0.0,0.0,42.0,35.375,0.0,0.0,35.375,2
Yoan Boronad,0.0,0.0,0.0,45.0,36.0,0.0,0.0,36.0,0
Youp De Kroon,0.0,0.0,0.0,44.0,29.0,0.0,0.0,29.0,0
Youssef Hossam,0.375,0.0,0.125,44.875,29.0,0.0,0.0027247956403269754,29.0,2
Z?? Alexandre Meireles,0.0,0.0,0.0,42.0,27.0,0.0,0.0,27.0,0
